<?xml version="1.0" encoding="UTF-8" standalone="no"?>
<LoganContent xmlns="http://www.oracle.com/DataCenter/LogAnalyticsStd" content_version="2.72.0.0.0" name="content_ocid1.tenancy.oc1..aaaaaaaa2biiw2clmshec34nq7rcdn2ga6q34rwq3erddvdht5qd4xbaex2a_1689224914146" oms_version="2.72.0.0.0">
   <Field oms_version="2.72.0.0.0">
      <DisplayName>audit_rule_messages</DisplayName>
      <FieldType>1</FieldType>
      <IsSystem>0</IsSystem>
      <IsPrimary>1</IsPrimary>
      <DataType>STRING</DataType>
      <IsMetricKeyEligible>0</IsMetricKeyEligible>
      <IsMetricValueEligible>0</IsMetricValueEligible>
      <FacetEligible>1</FacetEligible>
      <RangeFacetEligible>0</RangeFacetEligible>
      <TableEligible>1</TableEligible>
      <FacetPriority>1</FacetPriority>
      <Summarizable>1</Summarizable>
      <HighCardinality>1</HighCardinality>
      <LargeData>0</LargeData>
      <MultiValued>1</MultiValued>
      <SMAEnabledSetting>0</SMAEnabledSetting>
   </Field>
   <Field oms_version="2.72.0.0.0">
      <DisplayName>Tags</DisplayName>
      <Description>Tags</Description>
      <FieldType>1</FieldType>
      <IsSystem>0</IsSystem>
      <IsPrimary>1</IsPrimary>
      <DataType>STRING</DataType>
      <IsMetricKeyEligible>0</IsMetricKeyEligible>
      <IsMetricValueEligible>0</IsMetricValueEligible>
      <FacetEligible>1</FacetEligible>
      <RangeFacetEligible>0</RangeFacetEligible>
      <TableEligible>1</TableEligible>
      <FacetPriority>1</FacetPriority>
      <Summarizable>1</Summarizable>
      <HighCardinality>1</HighCardinality>
      <LargeData>0</LargeData>
      <MultiValued>0</MultiValued>
      <SMAEnabledSetting>0</SMAEnabledSetting>
   </Field>
   <Field oms_version="2.72.0.0.0">
      <DisplayName>WAF Edge Hostname</DisplayName>
      <Description>WAF Edge Hostname</Description>
      <FieldType>1</FieldType>
      <IsSystem>0</IsSystem>
      <IsPrimary>1</IsPrimary>
      <DataType>STRING</DataType>
      <IsMetricKeyEligible>0</IsMetricKeyEligible>
      <IsMetricValueEligible>0</IsMetricValueEligible>
      <FacetEligible>1</FacetEligible>
      <RangeFacetEligible>0</RangeFacetEligible>
      <TableEligible>1</TableEligible>
      <FacetPriority>1</FacetPriority>
      <Summarizable>1</Summarizable>
      <HighCardinality>1</HighCardinality>
      <LargeData>0</LargeData>
      <MultiValued>0</MultiValued>
      <SMAEnabledSetting>0</SMAEnabledSetting>
   </Field>
   <Field oms_version="2.72.0.0.0">
      <DisplayName>WAF Engine Mode</DisplayName>
      <Description>WAF Engine Mode</Description>
      <FieldType>1</FieldType>
      <IsSystem>0</IsSystem>
      <IsPrimary>1</IsPrimary>
      <DataType>STRING</DataType>
      <IsMetricKeyEligible>0</IsMetricKeyEligible>
      <IsMetricValueEligible>0</IsMetricValueEligible>
      <FacetEligible>1</FacetEligible>
      <RangeFacetEligible>0</RangeFacetEligible>
      <TableEligible>1</TableEligible>
      <FacetPriority>1</FacetPriority>
      <Summarizable>1</Summarizable>
      <HighCardinality>1</HighCardinality>
      <LargeData>0</LargeData>
      <MultiValued>0</MultiValued>
      <SMAEnabledSetting>0</SMAEnabledSetting>
   </Field>
   <Field oms_version="2.72.0.0.0">
      <DisplayName>WAF Log Type</DisplayName>
      <Description>WAF Log Type</Description>
      <FieldType>1</FieldType>
      <IsSystem>0</IsSystem>
      <IsPrimary>1</IsPrimary>
      <DataType>STRING</DataType>
      <IsMetricKeyEligible>0</IsMetricKeyEligible>
      <IsMetricValueEligible>0</IsMetricValueEligible>
      <FacetEligible>1</FacetEligible>
      <RangeFacetEligible>0</RangeFacetEligible>
      <TableEligible>1</TableEligible>
      <FacetPriority>1</FacetPriority>
      <Summarizable>1</Summarizable>
      <HighCardinality>1</HighCardinality>
      <LargeData>0</LargeData>
      <MultiValued>0</MultiValued>
      <SMAEnabledSetting>0</SMAEnabledSetting>
   </Field>
   <Field oms_version="2.72.0.0.0">
      <DisplayName>Client IP</DisplayName>
      <Description>Client IP</Description>
      <FieldType>1</FieldType>
      <IsSystem>0</IsSystem>
      <IsPrimary>1</IsPrimary>
      <DataType>STRING</DataType>
      <IsMetricKeyEligible>0</IsMetricKeyEligible>
      <IsMetricValueEligible>0</IsMetricValueEligible>
      <FacetEligible>1</FacetEligible>
      <RangeFacetEligible>0</RangeFacetEligible>
      <TableEligible>1</TableEligible>
      <FacetPriority>1</FacetPriority>
      <Summarizable>1</Summarizable>
      <HighCardinality>1</HighCardinality>
      <LargeData>0</LargeData>
      <MultiValued>0</MultiValued>
      <SMAEnabledSetting>0</SMAEnabledSetting>
   </Field>
   <Field oms_version="2.72.0.0.0">
      <DisplayName>WAF X Forwarded For</DisplayName>
      <Description>WAF X Forwarded For </Description>
      <FieldType>1</FieldType>
      <IsSystem>0</IsSystem>
      <IsPrimary>1</IsPrimary>
      <DataType>STRING</DataType>
      <IsMetricKeyEligible>0</IsMetricKeyEligible>
      <IsMetricValueEligible>0</IsMetricValueEligible>
      <FacetEligible>1</FacetEligible>
      <RangeFacetEligible>0</RangeFacetEligible>
      <TableEligible>1</TableEligible>
      <FacetPriority>1</FacetPriority>
      <Summarizable>1</Summarizable>
      <HighCardinality>1</HighCardinality>
      <LargeData>0</LargeData>
      <MultiValued>0</MultiValued>
      <SMAEnabledSetting>0</SMAEnabledSetting>
   </Field>
   <Field oms_version="2.72.0.0.0">
      <DisplayName>audit_logdata</DisplayName>
      <Description>audit log data </Description>
      <FieldType>1</FieldType>
      <IsSystem>0</IsSystem>
      <IsPrimary>1</IsPrimary>
      <DataType>STRING</DataType>
      <IsMetricKeyEligible>0</IsMetricKeyEligible>
      <IsMetricValueEligible>0</IsMetricValueEligible>
      <FacetEligible>1</FacetEligible>
      <RangeFacetEligible>0</RangeFacetEligible>
      <TableEligible>1</TableEligible>
      <FacetPriority>1</FacetPriority>
      <Summarizable>1</Summarizable>
      <HighCardinality>1</HighCardinality>
      <LargeData>0</LargeData>
      <MultiValued>1</MultiValued>
      <SMAEnabledSetting>0</SMAEnabledSetting>
   </Field>
   <Field oms_version="2.72.0.0.0">
      <DisplayName>Engine Action</DisplayName>
      <Description>Engine Action</Description>
      <FieldType>1</FieldType>
      <IsSystem>0</IsSystem>
      <IsPrimary>1</IsPrimary>
      <DataType>STRING</DataType>
      <IsMetricKeyEligible>0</IsMetricKeyEligible>
      <IsMetricValueEligible>0</IsMetricValueEligible>
      <FacetEligible>1</FacetEligible>
      <RangeFacetEligible>0</RangeFacetEligible>
      <TableEligible>1</TableEligible>
      <FacetPriority>1</FacetPriority>
      <Summarizable>1</Summarizable>
      <HighCardinality>1</HighCardinality>
      <LargeData>0</LargeData>
      <MultiValued>0</MultiValued>
      <SMAEnabledSetting>0</SMAEnabledSetting>
   </Field>
   <Field oms_version="2.72.0.0.0">
      <DisplayName>audit_message</DisplayName>
      <Description>WAF Audit message</Description>
      <FieldType>1</FieldType>
      <IsSystem>0</IsSystem>
      <IsPrimary>1</IsPrimary>
      <DataType>STRING</DataType>
      <IsMetricKeyEligible>0</IsMetricKeyEligible>
      <IsMetricValueEligible>0</IsMetricValueEligible>
      <FacetEligible>1</FacetEligible>
      <RangeFacetEligible>0</RangeFacetEligible>
      <TableEligible>1</TableEligible>
      <FacetPriority>1</FacetPriority>
      <Summarizable>1</Summarizable>
      <HighCardinality>1</HighCardinality>
      <LargeData>0</LargeData>
      <MultiValued>0</MultiValued>
      <SMAEnabledSetting>0</SMAEnabledSetting>
   </Field>
   <Field oms_version="2.72.0.0.0">
      <DisplayName>Geo IP</DisplayName>
      <Description>Geo IP</Description>
      <FieldType>1</FieldType>
      <IsSystem>0</IsSystem>
      <IsPrimary>1</IsPrimary>
      <DataType>STRING</DataType>
      <IsMetricKeyEligible>0</IsMetricKeyEligible>
      <IsMetricValueEligible>0</IsMetricValueEligible>
      <FacetEligible>1</FacetEligible>
      <RangeFacetEligible>0</RangeFacetEligible>
      <TableEligible>1</TableEligible>
      <FacetPriority>1</FacetPriority>
      <Summarizable>1</Summarizable>
      <HighCardinality>1</HighCardinality>
      <LargeData>0</LargeData>
      <MultiValued>0</MultiValued>
      <SMAEnabledSetting>0</SMAEnabledSetting>
   </Field>
   <Field oms_version="2.72.0.0.0">
      <DisplayName>audit_messages_id</DisplayName>
      <Description>Rule ID In Audit Messages</Description>
      <FieldType>1</FieldType>
      <IsSystem>0</IsSystem>
      <IsPrimary>1</IsPrimary>
      <DataType>STRING</DataType>
      <IsMetricKeyEligible>0</IsMetricKeyEligible>
      <IsMetricValueEligible>0</IsMetricValueEligible>
      <FacetEligible>1</FacetEligible>
      <RangeFacetEligible>0</RangeFacetEligible>
      <TableEligible>1</TableEligible>
      <FacetPriority>1</FacetPriority>
      <Summarizable>1</Summarizable>
      <HighCardinality>1</HighCardinality>
      <LargeData>0</LargeData>
      <MultiValued>0</MultiValued>
      <SMAEnabledSetting>0</SMAEnabledSetting>
   </Field>
   <Field oms_version="2.72.0.0.0">
      <DisplayName>Log Type</DisplayName>
      <Description>Log Type</Description>
      <FieldType>1</FieldType>
      <IsSystem>0</IsSystem>
      <IsPrimary>1</IsPrimary>
      <DataType>STRING</DataType>
      <IsMetricKeyEligible>0</IsMetricKeyEligible>
      <IsMetricValueEligible>0</IsMetricValueEligible>
      <FacetEligible>1</FacetEligible>
      <RangeFacetEligible>0</RangeFacetEligible>
      <TableEligible>1</TableEligible>
      <FacetPriority>1</FacetPriority>
      <Summarizable>1</Summarizable>
      <HighCardinality>1</HighCardinality>
      <LargeData>0</LargeData>
      <MultiValued>0</MultiValued>
      <SMAEnabledSetting>0</SMAEnabledSetting>
   </Field>
   <Field oms_version="2.72.0.0.0">
      <DisplayName>audit_messages_severity</DisplayName>
      <Description>Severity in audit messages </Description>
      <FieldType>1</FieldType>
      <IsSystem>0</IsSystem>
      <IsPrimary>1</IsPrimary>
      <DataType>STRING</DataType>
      <IsMetricKeyEligible>0</IsMetricKeyEligible>
      <IsMetricValueEligible>0</IsMetricValueEligible>
      <FacetEligible>1</FacetEligible>
      <RangeFacetEligible>0</RangeFacetEligible>
      <TableEligible>1</TableEligible>
      <FacetPriority>1</FacetPriority>
      <Summarizable>1</Summarizable>
      <HighCardinality>1</HighCardinality>
      <LargeData>0</LargeData>
      <MultiValued>0</MultiValued>
      <SMAEnabledSetting>0</SMAEnabledSetting>
   </Field>
   <Field oms_version="2.72.0.0.0">
      <DisplayName>Request Body</DisplayName>
      <Description>Request Body</Description>
      <FieldType>1</FieldType>
      <IsSystem>0</IsSystem>
      <IsPrimary>1</IsPrimary>
      <DataType>STRING</DataType>
      <IsMetricKeyEligible>0</IsMetricKeyEligible>
      <IsMetricValueEligible>0</IsMetricValueEligible>
      <FacetEligible>1</FacetEligible>
      <RangeFacetEligible>0</RangeFacetEligible>
      <TableEligible>1</TableEligible>
      <FacetPriority>1</FacetPriority>
      <Summarizable>1</Summarizable>
      <HighCardinality>1</HighCardinality>
      <LargeData>0</LargeData>
      <MultiValued>0</MultiValued>
      <SMAEnabledSetting>0</SMAEnabledSetting>
   </Field>
   <Field oms_version="2.72.0.0.0">
      <DisplayName>Request Url</DisplayName>
      <Description>Request Url</Description>
      <FieldType>1</FieldType>
      <IsSystem>0</IsSystem>
      <IsPrimary>1</IsPrimary>
      <DataType>STRING</DataType>
      <IsMetricKeyEligible>0</IsMetricKeyEligible>
      <IsMetricValueEligible>0</IsMetricValueEligible>
      <FacetEligible>1</FacetEligible>
      <RangeFacetEligible>0</RangeFacetEligible>
      <TableEligible>1</TableEligible>
      <FacetPriority>1</FacetPriority>
      <Summarizable>1</Summarizable>
      <HighCardinality>1</HighCardinality>
      <LargeData>0</LargeData>
      <MultiValued>0</MultiValued>
      <SMAEnabledSetting>0</SMAEnabledSetting>
   </Field>
   <Field oms_version="2.72.0.0.0">
      <DisplayName>Request Verb</DisplayName>
      <Description>Request Verb</Description>
      <FieldType>1</FieldType>
      <IsSystem>0</IsSystem>
      <IsPrimary>1</IsPrimary>
      <DataType>STRING</DataType>
      <IsMetricKeyEligible>0</IsMetricKeyEligible>
      <IsMetricValueEligible>0</IsMetricValueEligible>
      <FacetEligible>1</FacetEligible>
      <RangeFacetEligible>0</RangeFacetEligible>
      <TableEligible>1</TableEligible>
      <FacetPriority>1</FacetPriority>
      <Summarizable>1</Summarizable>
      <HighCardinality>1</HighCardinality>
      <LargeData>0</LargeData>
      <MultiValued>0</MultiValued>
      <SMAEnabledSetting>0</SMAEnabledSetting>
   </Field>
   <Field oms_version="2.72.0.0.0">
      <DisplayName>audit_action_messsages</DisplayName>
      <FieldType>1</FieldType>
      <IsSystem>0</IsSystem>
      <IsPrimary>1</IsPrimary>
      <DataType>STRING</DataType>
      <IsMetricKeyEligible>0</IsMetricKeyEligible>
      <IsMetricValueEligible>0</IsMetricValueEligible>
      <FacetEligible>1</FacetEligible>
      <RangeFacetEligible>0</RangeFacetEligible>
      <TableEligible>1</TableEligible>
      <FacetPriority>1</FacetPriority>
      <Summarizable>1</Summarizable>
      <HighCardinality>1</HighCardinality>
      <LargeData>0</LargeData>
      <MultiValued>1</MultiValued>
      <SMAEnabledSetting>0</SMAEnabledSetting>
   </Field>
   <Field oms_version="2.72.0.0.0">
      <DisplayName>Response Code</DisplayName>
      <Description>Response Code</Description>
      <FieldType>1</FieldType>
      <IsSystem>0</IsSystem>
      <IsPrimary>1</IsPrimary>
      <DataType>INTEGER</DataType>
      <IsMetricKeyEligible>0</IsMetricKeyEligible>
      <IsMetricValueEligible>0</IsMetricValueEligible>
      <FacetEligible>1</FacetEligible>
      <RangeFacetEligible>0</RangeFacetEligible>
      <TableEligible>1</TableEligible>
      <FacetPriority>1</FacetPriority>
      <Summarizable>1</Summarizable>
      <HighCardinality>1</HighCardinality>
      <LargeData>0</LargeData>
      <MultiValued>0</MultiValued>
      <SMAEnabledSetting>0</SMAEnabledSetting>
   </Field>
   <Parser oms_version="2.72.0.0.0" tokenize_orig_text="1" type="6">
      <Name>WAF Audit Detail Log Format</Name>
      <DisplayName>WAF Audit Detail Log Format</DisplayName>
      <Description>WAF Audit Detail Log Format</Description>
      <IsSingleLineContent>0</IsSingleLineContent>
      <HeaderContent>$.audit_messages:2</HeaderContent>
      <ExampleContent>{
    "log_type": "caching_logs",
    "ssl_protocol": "TLSv1.3",
    "upstream_http_cache_control": "-",
    "request": "/",
    "ml_waf_ri": "",
    "origin_connect_time": "-",
    "timestamp": "29/Apr/2023:13:49:25 +0000",
    "http_cache_control": "-",
    "bytes": 922,
    "auth": "-",
    "upstream_connect_time": "-",
    "upstream_http_content_range": "-",
    "ml_waf_model_id": "",
    "upstream_http_content_encoding": "-",
    "runtime_layer_name": "runtime",
    "upstream_http_via": "-",
    "origin_status": "-",
    "ml_waf": "",
    "upstream_http_x_xss_protection": "-",
    "upstream_http_transfer_encoding": "-",
    "request_body_size": "",
    "@timestamp": "2023-04-29T13:49:25.000Z",
    "http_request": {
      "headers": "{\"sec-fetch-mode\":\"navigate\",\"accept-encoding\":\"gzip, deflate, br\",\"x-country-code\":\"DE\",\"x-client-ip\":\"136.243.146.112\",\"sec-gpc\":\"1\",\"sec-fetch-site\":\"none\",\"sec-fetch-dest\":\"document\",\"referrer\":\"https:\\/\\/www.cia.gov\\/index.htmlhttps%3A\\/\\/coeblog.vigilantvoid.com\\/\",\"x-forwarded-host\":\"coeblog.vigilantvoid.com, 1.1.1.1\",\"client-ip\":\"68.235.2.72\",\"real-ip\":\"68.235.2.72\",\"cache-control\":\"max-age=0\",\"zen-host\":\"ZENEDGE\",\"pragma\":\"no-cache\",\"via\":\"68.235.2.72\",\"x-forwarded-proto\":\"Http\",\"upgrade-insecure-requests\":\"1\",\"accept-language\":\"en-US,en;q=0.9\",\"host\":\"coeblog.vigilantvoid.com:443\",\"user-agent\":\"Mozilla\\/5.0 (Windows NT 10.0; Win64; x64) AppleWebKit\\/537.36 (KHTML, like Gecko) Chrome\\/76.0.3809.132 Safari\\/537.36 OPR\\/63.0.3368.107\",\"x-forwarded-for\":\"68.235.2.72, 136.243.146.112\",\"connection\":\"keep-alive\",\"sec-fetch-user\":\"?1\"}"
    },
    "fingerprint": "-",
    "upstream_http_last_modified": "-",
    "verb": "GET",
    "http_expires": "-",
    "host": "coeblog.vigilantvoid.com",
    "upstream_http_accept_ranges": "-",
    "upstream_http_x_powered_by": "-",
    "modsec_stopwatch_total": "0",
    "upstream_http_expires": "-",
    "nginx_config_template": "sys_v38",
    "upstream_http_x_content_type_options": "-",
    "ssl_server_name": "coeblog.vigilantvoid.com",
    "cache_status": "-",
    "modsec_response_code": "",
    "request_time": 0.003,
    "clientip": "136.243.146.112",
    "request_xff": "68.235.2.72, 136.243.146.112",
    "upstream_http_connection": "-",
    "country_name": "Germany",
    "ssl_cipher": "TLS_CHACHA20_POLY1305_SHA256",
    "country_code": "DE",
    "upstream_http_server": "-",
    "upstream_response_time": "-",
    "hostname": "syd-waf-edge-node-03-prod",
    "request_length": 723,
    "request_id": "2023-04-29T13:49:25Z|0be405d29a|136.243.146.112|cSitgfbBhe",
    "type": "caching_logs",
    "upstream_header_time": "-",
    "ml_waf_score": "",
    "upstream_http_content_type": "-",
    "ml_waf_vector": "",
    "xff_set_to": "",
    "ze_lua_version": "8.6.3.146",
    "modsec_stopwatch": "{}",
    "scheme": "https",
    "response_body_size": 558,
    "referrer": "-",
    "@version": "1",
    "agent": "Mozilla/5.0 (Windows NT 10.0; Win64; x64) AppleWebKit/537.36 (KHTML, like Gecko) Chrome/76.0.3809.132 Safari/537.36 OPR/63.0.3368.107",
    "tags": [
      "caching_logs",
      "bucket"
    ],
    "zen_captcha_action": null,
    "upstream_addr": "-",
    "runtime_error_response": "false",
    "lua_response_code": "403",
    "response_headers": "",
    "cached_response_code": "",
    "ssl_session_reused": ".",
    "upstream_response_code": "",
    "zen_lua_modules": null,
    "request_raw_header": "GET / HTTP/1.1\r\nAccept-Encoding: gzip, deflate, br\r\nAccept-Language: en-US,en;q=0.9\r\nCache-Control: max-age=0\r\nConnection: keep-alive\r\nSec-Fetch-Dest: document\r\nSec-Fetch-Mode: navigate\r\nSec-Fetch-Site: none\r\nSec-Fetch-User: ?1\r\nSec-Gpc: 1\r\nPragma: no-cache\r\nUpgrade-Insecure-Requests: 1\r\nHost: coeblog.vigilantvoid.com:443\r\nUser-Agent: Mozilla/5.0 (Windows NT 10.0; Win64; x64) AppleWebKit/537.36 (KHTML, like Gecko) Chrome/76.0.3809.132 Safari/537.36 OPR/63.0.3368.107\r\nReferrer: https://www.cia.gov/index.htmlhttps%3A//coeblog.vigilantvoid.com/\r\nX-Forwarded-Proto: Http\r\nX-Forwarded-Host: coeblog.vigilantvoid.com, 1.1.1.1\r\nVia: 68.235.2.72\r\nClient-IP: 68.235.2.72\r\nX-Forwarded-For: 68.235.2.72\r\nReal-IP: 68.235.2.72\r\n\r\n",
    "request_location": "0,0",
    "ml_waf_training_trusted": "",
    "log_processor_host": "iad-waf-lp-extlogstash-02-prod",
    "origin_header_time": "-",
    "httpversion": "1.1",
    "origin_response_time": "-",
    "webapp_domain": "vigilantvoid.com",
    "response": 403,
    "ml_waf_training_malicious": "",
    "x_forwarded_for": "225.134.110.147, 45.233.64.2",
    "@timestamp": "2023-04-29T13:49:21.000Z",
    "http_version": "HTTP/1.1",
    "dest_ip": "127.0.0.1",
    "url": "/",
    "unique_id": "AcAcAXAcAcA5AcpchcADAcAc",
    "port": 0,
    "log_version": "2",
    "type": "modsec_logs",
    "webapp_domain": "vigilantvoid.com",
    "action": "ENABLED",
    "modsec_log_format": "json",
    "user_agent": "Mediapartners-Google/2.1",
    "http_verb": "GET",
    "rule_ids": [
      92045033
    ],
    "severities": [
      2
    ],
    "log_type": "modsec_logs",
    "alert_date": "2023-04-29T13:49:21.000Z",
    "http_request": {
      "headers": "{\"Sec-Fetch-Mode\":\"navigate\",\"X-Country-Code\":\"GT\",\"request-id\":\"2023-04-29T13:49:21Z|53f3eda58b|45.233.64.2|ijYxN2QBdJ\",\"Referrer\":\"http://www.phimedia.com/plugins/system/plugin_googlemap3/plugin_googlemap3_proxy.php?url=https%3A//coeblog.vigilantvoid.com/\",\"User-Agent\":\"Mediapartners-Google/2.1\",\"Via\":\"225.134.110.147\",\"Real-IP\":\"225.134.110.147\",\"Accept-Language\":\"en-US,en;q=0.9\",\"Cache-Control\":\"max-age=0\",\"Sec-Fetch-User\":\"?1\",\"X-Forwarded-Proto\":\"Http\",\"Zen-Host\":\"ZENEDGE\",\"X-Forwarded-For\":\"225.134.110.147, 45.233.64.2\",\"Upgrade-Insecure-Requests\":\"1\",\"Sec-Gpc\":\"1\",\"Accept-Encoding\":\"gzip, deflate, br\",\"Pragma\":\"no-cache\",\"Host\":\"coeblog.vigilantvoid.com:443\",\"X-Forwarded-Host\":\"coeblog.vigilantvoid.com, 1.1.1.1\",\"Client-IP\":\"225.134.110.147\",\"Connection\":\"keep-alive\",\"Sec-Fetch-Site\":\"none\",\"Sec-Fetch-Dest\":\"document\",\"X-Client-IP\":\"45.233.64.2\"}"
    },
    "tags": [
      "modsec_logs",
      "bucket"
    ],
    "upstream_addr": "-",
    "stopwatch": {
      "l": 0,
      "p1": 110,
      "p4": 0,
      "p3": 0,
      "gc": 0,
      "p2": 205,
      "sr": 39,
      "sw": 1,
      "p5": 2
    },
    "geoip": {
      "country_code2": "GT",
      "country_name": "Guatemala"
    },
    "request_id": "2023-04-29T13:49:21Z|53f3eda58b|45.233.64.2|ijYxN2QBdJ",
    "audit_messages": [
{
        "counter": 1,
        "tags": [
          "application-multi",
          "language-multi",
          "platform-multi",
          "attack-protocol",
          "paranoia-level/1",
          "OWASP_CRS",
          "OWASP_CRS/POLICY/HEADER_RESTRICTED",
          "WASCTC/WASC-21",
          "PCI/12.1",
          "WASCTC/WASC-15",
          "OWASP_TOP_10/A7",
          "PCI/12.1"
        ],
        "severity": 2,
        "maturity": 0,
        "version": "OWASP_CRS/3.3.2",
        "msg": "HTTP header is restricted by policy (/via/)",
        "rule_messages": [
          "String match within \"/proxy-connection/ /lock-token/ /content-range/ /translate/ /via/ /if/\" at TX:header_name_via."
        ],
        "logdata": [
          "Restricted header detected: /via/"
        ],
        "accuracy": 0,
        "action_messages": [
          "Access denied with code 403 (phase 2)."
        ],
        "id": "92045033"
      },
      {
        "counter": 1,
        "tags": [
          "application-multi",
          "language-multi",
          "platform-multi",
          "attack-protocol",
          "paranoia-level/1",
          "OWASP_CRS",
          "OWASP_CRS/POLICY/HEADER_RESTRICTED",
          "WASCTC/WASC-21",
          "PCI/12.1",
          "WASCTC/WASC-15",
          "OWASP_TOP_10/A7",
          "PCI/12.1"
        ],
        "severity": 2,
        "maturity": 0,
        "version": "OWASP_CRS/3.3.2",
        "msg": "HTTP header is restricted by policy (/via/)",
        "rule_messages": [
          "String match within \"/proxy-connection/ /lock-token/ /content-range/ /translate/ /via/ /if/\" at TX:header_name_via."
        ],
        "logdata": [
          "Restricted header detected: /via/"
        ],
        "accuracy": 0,
        "action_messages": [
          "Access denied with code 403 (phase 2)."
        ],
        "id": "92045033"
      }
    ],
    "http_request_raw": "GET / HTTP/1.1",
    "@version": "1",
    "ip": "45.233.64.2",
    "dest_port": 80,
    "engine_mode": "ENABLED",
    "engine_action": "block",
    "host": "coeblog.vigilantvoid.com:443",
    "log_processor_host": "iad-waf-lp-extlogstash-05-prod",
    "hostname": "syd-waf-edge-node-26-prod",

  "modsec_log_format": "json",
  "upstream_addr": "152.67.25.68:443",
  "log_processor_host": "iad-waf-lp-extlogstash-02-prod",
  "log_version": "2",
  "unique_id": "npAIBcAPAcAcAGAcAcAcJbAc",
  "@timestamp": "2023-05-23T08:12:02.000Z",
  "geoip": {
    "country_name": "India",
    "country_code2": "IN"
  },
  "x_forwarded_for": "110.226.180.146",
  "webapp_domain": "www.iffcoindia.com",
  "host": "www.iffcoindia.com",
  "engine_action": "alert",
  "url": "/signbid.aspx",
  "dest_ip": "127.0.0.1",
  "stopwatch": {
    "p2": 23782,
    "sw": 0,
    "gc": 0,
    "p1": 135,
    "p3": 2,
    "p4": 1,
    "p5": 2,
    "sr": 36,
    "l": 0
  },
  "log_type": "modsec_logs",
  "@version": "1",
  "audit_messages": [
    {
      "rule_messages": [
        "Pattern match \"(?i:[\\\"\\\\'][ ]*(([^a-z0-9~_:\\\\' ])|(in)).+?[.].+?=)\" at ARGS:txtSubject."
      ],
      "msg": "IE XSS Filters - Attack Detected. 941340",
      "action_messages": [
        "Warning."
      ],
      "severity": 2,
      "rev": "2",
      "maturity": 8,
      "id": "941340",
      "logdata": [
        "Matched Data: \\x22, OID.2.5.4.17= found within ARGS:txtSubject: CN=VINOD TARACHAND SANGHVI, O=SANGHVI METALS, OU=SALES, SERIALNUMBER=43805b060eb3e4c7f406cf3074bcb9b8290219210b95faca8ccff4e2db849f05, STREET=\\x2272,C.P.TANK ROAD,C.P.TANK,Maharashtra-400004\\x22, OID.2.5.4.17=400004, OID.2.5.4.20=65c38b579b120be7a0d46df12c865d39e5661ae061ec344beeb76df452720c89, ST=Maharashtra, C=IN"
      ],
      "version": "OWASP_CRS/3.0.0",
      "accuracy": 8,
      "counter": 1,
      "tags": [
        "attack-xss",
        "OWASP_CRS/WEB_ATTACK/XSS",
        "WASCTC/WASC-8",
        "WASCTC/WASC-22",
        "OWASP_TOP_10/A2",
        "OWASP_AppSensor/IE1",
        "PCI/6.5.1",
        "paranoia-level/2"
      ]
    },
    {
      "rule_messages": [
        "Operator GT matched 400 at ARGS:publicKeySign.",
        "Operator GT matched 400 at ARGS:certString."
      ],
      "msg": "Argument value too long",
      "action_messages": [
        "Warning.",
        "Warning."
      ],
      "severity": 2,
      "maturity": 0,
      "id": "920370",
      "logdata": [
        "ARGS:publicKeySign=2204",
        "ARGS:certString=2204"
      ],
      "version": "OWASP_CRS/3.2.0",
      "accuracy": 0,
      "counter": 2,
      "tags": [
        "application-multi",
        "language-multi",
        "platform-multi",
        "attack-protocol",
        "paranoia-level/1",
        "OWASP_CRS",
        "OWASP_CRS/POLICY/SIZE_LIMIT"
      ]
    },
    {
      "rule_messages": [
        "Pattern match \"(?i)[\\\"\\\\'][ ]*(?:[^a-z0-9~_:\\\\' ]|in).+?[.].+?=\" at ARGS:txtSubject."
      ],
      "msg": "IE XSS Filters - Attack Detected.",
      "action_messages": [
        "Warning."
      ],
      "severity": 2,
      "maturity": 0,
      "id": "94134032",
      "logdata": [
        "Matched Data: \\x22, OID.2.5.4.17= found within ARGS:txtSubject: CN=VINOD TARACHAND SANGHVI, O=SANGHVI METALS, OU=SALES, SERIALNUMBER=43805b060eb3e4c7f406cf3074bcb9b8290219210b95faca8ccff4e2db849f05, STREET=\\x2272,C.P.TANK ROAD,C.P.TANK,Maharashtra-400004\\x22, OID.2.5.4.17=400004, OID.2.5.4.20=65c38b579b120be7a0d46df12c865d39e5661ae061ec344beeb76df452720c89, ST=Maharashtra, C=IN"
      ],
      "version": "OWASP_CRS/3.2.0",
      "accuracy": 0,
      "counter": 1,
      "tags": [
        "attack-xss",
        "OWASP_CRS",
        "OWASP_CRS/WEB_ATTACK/XSS",
        "WASCTC/WASC-8",
        "WASCTC/WASC-22",
        "OWASP_TOP_10/A7",
        "OWASP_AppSensor/IE1",
        "PCI/6.5.1"
      ]
    },
    {
      "rule_messages": [
        "Operator GT matched 400 at ARGS:publicKeySign.",
        "Operator GT matched 400 at ARGS:certString."
      ],
      "msg": "Argument value exceeds the limit of 400, argument ARGS:certString is 2204 characters long",
      "action_messages": [
        "Warning.",
        "Warning."
      ],
      "severity": 4,
      "rev": "2",
      "maturity": 9,
      "id": "960208",
      "version": "OWASP_CRS/2.2.9",
      "accuracy": 9,
      "counter": 2,
      "tags": [
        "OWASP_CRS/POLICY/SIZE_LIMIT"
      ]
    },
    {
      "rule_messages": [
        "Matched phrase \"meta\" at ARGS:txtSubject."
      ],
      "msg": "Cross-site Scripting (XSS) Attack. Matched Data: cn=vinod tarachand sanghvi, o=sanghvi metals, ou=sales, serialnumber=43805b060eb3e4c7f406cf3074bcb9b8290219210b95faca8ccff4e2db849f05, street=\\\"72,c.p.tank road,c.p.tank,maharashtra-400004\\\", oid.2.5.4.17=400004, oid.2.5.4.20=65c38b579b120be7a0d46df12c865d39e5661ae061ec344beeb76df452720c89, st=maharashtra, c=in found within ARGS:txtSubject",
      "action_messages": [
        "Warning."
      ],
      "severity": 2,
      "rev": "2",
      "maturity": 8,
      "id": "981136",
      "version": "OWASP_CRS/2.2.9",
      "accuracy": 8,
      "counter": 1,
      "tags": []
    },
    {
      "rule_messages": [
        "Pattern match \"(?i:[\\\"\\\\'][ ]*(([^a-z0-9~_:\\\\' ])|(in)).+?[.].+?=)\" at ARGS:txtSubject."
      ],
      "msg": "IE XSS Filters - Attack Detected.",
      "action_messages": [
        "Warning."
      ],
      "severity": 2,
      "rev": "2",
      "maturity": 8,
      "id": "973333",
      "logdata": [
        "Matched Data: \\x22, OID.2.5.4.17= found within ARGS:txtSubject: CN=VINOD TARACHAND SANGHVI, O=SANGHVI METALS, OU=SALES, SERIALNUMBER=43805b060eb3e4c7f406cf3074bcb9b8290219210b95faca8ccff4e2db849f05, STREET=\\x2272,C.P.TANK ROAD,C.P.TANK,Maharashtra-400004\\x22, OID.2.5.4.17=400004, OID.2.5.4.20=65c38b579b120be7a0d46df12c865d39e5661ae061ec344beeb76df452720c89, ST=Maharashtra, C=IN"
      ],
      "version": "OWASP_CRS/2.2.9",
      "accuracy": 8,
      "counter": 1,
      "tags": [
        "OWASP_CRS/WEB_ATTACK/XSS",
        "WASCTC/WASC-8",
        "WASCTC/WASC-22",
        "OWASP_TOP_10/A2",
        "OWASP_AppSensor/IE1",
        "PCI/6.5.1"
      ]
    }
  ],
  "engine_mode": "DETECTION_ONLY",
  "dest_port": 80,
  "http_request_raw": "POST /signbid.aspx HTTP/1.1",
  "type": "modsec_logs",
  "hostname": "bom-waf-edge-node-07-prod",
  "http_version": "HTTP/1.1",
  "request_id": "2023-05-23T08:12:01Z|a2895478e0|110.226.180.146|cw2UktK9ad",
  "severities": [
    2,
    2,
    2,
    4,
    2,
    2
  ],
  "rule_ids": [
    941340,
    920370,
    94134032,
    960208,
    981136,
    973333
  ],
  "alert_date": "2023-05-23T08:12:02.000Z",
  "http_verb": "POST",
  "action": "DETECTION_ONLY",
  "user_agent": "Mozilla/5.0 (Windows NT 10.0; Win64; x64) AppleWebKit/537.36 (KHTML, like Gecko) Chrome/113.0.0.0 Safari/537.36",
  "port": 0,
  "http_request": {
    "headers": "{\"sec-ch-ua-mobile\":\"?0\",\"sec-fetch-mode\":\"navigate\",\"accept-language\":\"en-US,en;q=0.9\",\"accept\":\"text/html,application/xhtml+xml,application/xml;q=0.9,image/avif,image/webp,image/apng,*/*;q=0.8,application/signed-exchange;v=b3;q=0.7\",\"referer\":\"https://www.iffcoindia.com/signbid.aspx\",\"X-Country-Code\":\"IN\",\"request-id\":\"2023-05-23T08:12:01Z|a2895478e0|110.226.180.146|cw2UktK9ad\",\"host\":\"www.iffcoindia.com\",\"sec-ch-ua\":\"\\\"Google Chrome\\\";v=\\\"113\\\", \\\"Chromium\\\";v=\\\"113\\\", \\\"Not-A.Brand\\\";v=\\\"24\\\"\",\"upgrade-insecure-requests\":\"1\",\"cache-control\":\"max-age=0\",\"sec-fetch-user\":\"?1\",\"content-type\":\"application/x-www-form-urlencoded\",\"sec-ch-ua-platform\":\"\\\"Windows\\\"\",\"cookie\":\"EPROC-Oracle-LBS-Route=cc5bd689ee223e9306597cc4c2b77e0c5efc9ee2; ASP.NET_SessionId=yv1kz3hmwszqp2tppngoq0dt; __zjc7901=5293047938; __ZEHIC2156=1684829494; __z_a=86704901820994627820994; __zjc9424=5293048004; __ZEHIC7474=1684829508\",\"X-Client-IP\":\"110.226.180.146\",\"accept-encoding\":\"gzip, deflate, br\",\"content-length\":\"5149\",\"X-Forwarded-For\":\"110.226.180.146\",\"origin\":\"https://www.iffcoindia.com\",\"sec-fetch-dest\":\"document\",\"sec-fetch-site\":\"same-origin\",\"user-agent\":\"Mozilla/5.0 (Windows NT 10.0; Win64; x64) AppleWebKit/537.36 (KHTML, like Gecko) Chrome/113.0.0.0 Safari/537.36\",\"Zen-Host\":\"ZENEDGE\"}"
  },
  "tags": [
    "modsec_logs",
    "bucket"
  ],
  "ip": "110.226.180.146"
  }</ExampleContent>
      <IsSystem>0</IsSystem>
      <Encoding>UTF-8</Encoding>
      <Language>en_US</Language>
      <ParserFields>
         <ParserField>
            <FieldSeq>3</FieldSeq>
            <FieldName>udfs215</FieldName>
            <StructuredColInfo>$.logdata</StructuredColInfo>
         </ParserField>
         <ParserField>
            <FieldSeq>2</FieldSeq>
            <FieldName>udfs216</FieldName>
            <StructuredColInfo>$.msg</StructuredColInfo>
         </ParserField>
         <ParserField>
            <FieldSeq>5</FieldSeq>
            <FieldName>udfs217</FieldName>
            <StructuredColInfo>$.id</StructuredColInfo>
         </ParserField>
         <ParserField>
            <FieldSeq>1</FieldSeq>
            <FieldName>udfs218</FieldName>
            <StructuredColInfo>$.severity</StructuredColInfo>
         </ParserField>
         <ParserField>
            <FieldSeq>7</FieldSeq>
            <FieldName>udfsm10</FieldName>
            <StructuredColInfo>$.rule_messages</StructuredColInfo>
         </ParserField>
         <ParserField>
            <FieldSeq>4</FieldSeq>
            <FieldName>udfsm9</FieldName>
            <StructuredColInfo>$.action_messages</StructuredColInfo>
         </ParserField>
      </ParserFields>
      <ParserPlugins>
         <ParserPlugin>
            <Name>WAF Audit header</Name>
            <Type>master_detail</Type>
            <Priority>7657</Priority>
            <IsSystem>0</IsSystem>
            <IsEnabled>1</IsEnabled>
            <Params>
               <Param name="header_parser_name">WAF Audit Header Log Format</Param>
            </Params>
         </ParserPlugin>
      </ParserPlugins>
      <WrittenOnce>0</WrittenOnce>
      <IsDefaultParser>1</IsDefaultParser>
      <InUse>1</InUse>
   </Parser>
   <Source configWarningSettings="0" name="WAF Audit Logs" oms_version="2.72.0.0.0">
      <SourceType>os_file</SourceType>
      <TargetTypes>
         <TargetType>oci_webappfirewall</TargetType>
      </TargetTypes>
      <DisplayName>WAF Audit Logs</DisplayName>
      <Description>WAF Audit Logs</Description>
      <IsSystem>0</IsSystem>
      <IsSecureContent>1</IsSecureContent>
      <Parsers>
         <Parser>
            <ParserSeq>1</ParserSeq>
            <ParserName>WAF Audit Header Log Format</ParserName>
         </Parser>
         <Parser>
            <ParserSeq>2</ParserSeq>
            <ParserName>WAF Audit Detail Log Format</ParserName>
         </Parser>
      </Parsers>
      <IsHidden>0</IsHidden>
      <IsSMAEnabled>0</IsSMAEnabled>
   </Source>
   <FieldNameMaps>
      <FieldNameMap>
         <Name>udfsm10</Name>
         <DisplayName>audit_rule_messages</DisplayName>
      </FieldNameMap>
      <FieldNameMap>
         <Name>udfs210</Name>
         <DisplayName>Tags</DisplayName>
      </FieldNameMap>
      <FieldNameMap>
         <Name>udfs211</Name>
         <DisplayName>WAF Edge Hostname</DisplayName>
      </FieldNameMap>
      <FieldNameMap>
         <Name>udfs212</Name>
         <DisplayName>WAF Engine Mode</DisplayName>
      </FieldNameMap>
      <FieldNameMap>
         <Name>udfs213</Name>
         <DisplayName>WAF Log Type</DisplayName>
      </FieldNameMap>
      <FieldNameMap>
         <Name>udfs203</Name>
         <DisplayName>Client IP</DisplayName>
      </FieldNameMap>
      <FieldNameMap>
         <Name>udfs214</Name>
         <DisplayName>WAF X Forwarded For</DisplayName>
      </FieldNameMap>
      <FieldNameMap>
         <Name>udfs215</Name>
         <DisplayName>audit_logdata</DisplayName>
      </FieldNameMap>
      <FieldNameMap>
         <Name>udfs204</Name>
         <DisplayName>Engine Action</DisplayName>
      </FieldNameMap>
      <FieldNameMap>
         <Name>udfs216</Name>
         <DisplayName>audit_message</DisplayName>
      </FieldNameMap>
      <FieldNameMap>
         <Name>udfs205</Name>
         <DisplayName>Geo IP</DisplayName>
      </FieldNameMap>
      <FieldNameMap>
         <Name>udfs217</Name>
         <DisplayName>audit_messages_id</DisplayName>
      </FieldNameMap>
      <FieldNameMap>
         <Name>udfs206</Name>
         <DisplayName>Log Type</DisplayName>
      </FieldNameMap>
      <FieldNameMap>
         <Name>udfs218</Name>
         <DisplayName>audit_messages_severity</DisplayName>
      </FieldNameMap>
      <FieldNameMap>
         <Name>udfs207</Name>
         <DisplayName>Request Body</DisplayName>
      </FieldNameMap>
      <FieldNameMap>
         <Name>udfs208</Name>
         <DisplayName>Request Url</DisplayName>
      </FieldNameMap>
      <FieldNameMap>
         <Name>udfs209</Name>
         <DisplayName>Request Verb</DisplayName>
      </FieldNameMap>
      <FieldNameMap>
         <Name>udfsm9</Name>
         <DisplayName>audit_action_messsages</DisplayName>
      </FieldNameMap>
      <FieldNameMap>
         <Name>udfi70</Name>
         <DisplayName>Response Code</DisplayName>
      </FieldNameMap>
   </FieldNameMaps>
</LoganContent>
